{
    "loss": 4.918713569641113,
    "accuracy": 0.6187050342559814
}