{
    "loss": 13.549466133117676,
    "accuracy": 0.5035971403121948
}