{
    "loss": 5.126001358032227,
    "accuracy": 0.5035971403121948
}